<?xml version="1.0" encoding="utf-8"?>
<!--/1005939/1588246/2.50/7/2/Diode ESD (Uni-directional)/-->
<quadcept_library>
  <setting unit="mil" />
  <textstyle name="Default" height="47.244094488189" strokewidth="7.8740157480315" charwidth="47.244094488189" />
  <textstyle name="Dimension" height="19.6850393700787" strokewidth="0" charwidth="19.6850393700787" />
  <textstyle name="H127W0635TH00762" height="50" strokewidth="3" charwidth="25" />
  <textstyle name="H15W15TH02" height="59.0551181102362" strokewidth="7.8740157480315" charwidth="59.0551181102362" />
  <padstyle name="r53_20" surface="True" plated="False" isvia="False" nopaste="False" nomask="True" complex="False" holesize="0">
    <padshape layer="TOP" shape="rectangle" width="7.8740157480314" height="20.866141732283" />
    <padshape layer="TOP_SOLDER_MASK" shape="rectangle" width="15.748031496063" height="28.740157480315" />
    <padshape layer="TOP_SOLDER_PASTE" shape="rectangle" width="7.8740157480314" height="20.866141732283" />
  </padstyle>
  <footprint name="PUSB3AB6Z" originx="0" originy="0" pickpointx="0" pickpointy="0">
    <pcbpin number="1" name="1" style="r53_20" originx="-16.338582677165" originy="29.527559055118" rotation="90" />
    <pcbpin number="2" name="2" style="r53_20" originx="-16.338582677165" originy="9.8425196850392" rotation="90" />
    <pcbpin number="3" name="3" style="r53_20" originx="-16.338582677165" originy="-9.8425196850392" rotation="90" />
    <pcbpin number="4" name="4" style="r53_20" originx="-16.338582677165" originy="-29.527559055118" rotation="90" />
    <pcbpin number="5" name="5" style="r53_20" originx="16.338582677165" originy="-19.685039370078" rotation="90" />
    <pcbpin number="6" name="6" style="r53_20" originx="16.338582677165" originy="0" rotation="90" />
    <pcbpin number="7" name="7" style="r53_20" originx="16.338582677165" originy="19.685039370078" rotation="90" />
    <line layer="TOP_ASSEMBLY" originx="-21.653543307086" originy="41.850393700787" endx="21.653543307086" endy="41.850393700787" width="3.9370078740157" />
    <line layer="TOP_ASSEMBLY" originx="21.653543307086" originy="41.850393700787" endx="21.653543307086" endy="-41.850393700787" width="3.9370078740157" />
    <line layer="TOP_ASSEMBLY" originx="21.653543307086" originy="-41.850393700787" endx="-21.653543307086" endy="-41.850393700787" width="3.9370078740157" />
    <line layer="TOP_ASSEMBLY" originx="-21.653543307086" originy="-41.850393700787" endx="-21.653543307086" endy="41.850393700787" width="3.9370078740157" />
    <line layer="TOP_PLACE_BOUND" originx="-66.141732283464" originy="81.220472440944" endx="66.141732283464" endy="81.220472440944" width="3.9370078740157" />
    <line layer="TOP_PLACE_BOUND" originx="66.141732283464" originy="81.220472440944" endx="66.141732283464" endy="-81.220472440944" width="3.9370078740157" />
    <line layer="TOP_PLACE_BOUND" originx="66.141732283464" originy="-81.220472440944" endx="-66.141732283464" endy="-81.220472440944" width="3.9370078740157" />
    <line layer="TOP_PLACE_BOUND" originx="-66.141732283464" originy="-81.220472440944" endx="-66.141732283464" endy="81.220472440944" width="3.9370078740157" />
    <line layer="TOP_SILKSCREEN" originx="-47.244094488188" originy="29.527559055118" endx="-47.244094488188" endy="29.527559055118" width="3.9370078740157" />
    <arc layer="TOP_SILKSCREEN" originx="-45.275590551181" originy="29.527559055118" startangle="180.0" sweepangle="180.0" radius="1.9685039370079" width="3.9370078740157" />
    <line layer="TOP_SILKSCREEN" originx="-43.307086614173" originy="29.527559055118" endx="-43.307086614173" endy="29.527559055118" width="3.9370078740157" />
    <arc layer="TOP_SILKSCREEN" originx="-45.275590551181" originy="29.527559055118" startangle=".0" sweepangle="180.0" radius="1.9685039370079" width="3.9370078740157" />
    <line layer="TOP_SILKSCREEN" originx="0" originy="41.850393700787" endx="21.653543307086" endy="41.850393700787" width="7.8740157480314" />
    <line layer="TOP_SILKSCREEN" originx="21.653543307086" originy="41.850393700787" endx="21.653543307086" endy="31.496062992126" width="7.8740157480314" />
    <line layer="TOP_SILKSCREEN" originx="0" originy="-41.850393700787" endx="21.653543307086" endy="-41.850393700787" width="7.8740157480314" />
    <line layer="TOP_SILKSCREEN" originx="21.653543307086" originy="-41.850393700787" endx="21.653543307086" endy="-31.496062992126" width="7.8740157480314" />
  </footprint>
  <symbol name="PUSB3AB6Z" originx="0" originy="0">
    <line originx="200" originy="100" endx="800" endy="100" width="0" />
    <line originx="800" originy="-400" endx="800" endy="100" width="0" />
    <line originx="800" originy="-400" endx="200" endy="-400" width="0" />
    <line originx="200" originy="100" endx="200" endy="-400" width="0" />
    <sympin number="1" originx="200" originy="0" rotation="180" length="100" width="7.8740157480315" flipped="False">
      <text name="pinname" originx="230" originy="0" style="Default" rotation="0" justify="left" flipped="False" hidden="False" data="CH1" />
      <text name="pindes" originx="140" originy="20" style="Default" rotation="0" justify="lowerright" flipped="False" hidden="False" data="1" />
    </sympin>
    <sympin number="2" originx="200" originy="-100" rotation="180" length="100" width="7.8740157480315" flipped="False">
      <text name="pinname" originx="230" originy="-100" style="Default" rotation="0" justify="left" flipped="False" hidden="False" data="GND" />
      <text name="pindes" originx="140" originy="-80" style="Default" rotation="0" justify="lowerright" flipped="False" hidden="False" data="2" />
    </sympin>
    <sympin number="3" originx="200" originy="-200" rotation="180" length="100" width="7.8740157480315" flipped="False">
      <text name="pinname" originx="230" originy="-200" style="Default" rotation="0" justify="left" flipped="False" hidden="False" data="CH2" />
      <text name="pindes" originx="140" originy="-180" style="Default" rotation="0" justify="lowerright" flipped="False" hidden="False" data="3" />
    </sympin>
    <sympin number="4" originx="200" originy="-300" rotation="180" length="100" width="7.8740157480315" flipped="False">
      <text name="pinname" originx="230" originy="-300" style="Default" rotation="0" justify="left" flipped="False" hidden="False" data="CH3" />
      <text name="pindes" originx="140" originy="-280" style="Default" rotation="0" justify="lowerright" flipped="False" hidden="False" data="4" />
    </sympin>
    <sympin number="5" originx="800" originy="-200" rotation="0" length="100" width="7.8740157480315" flipped="False">
      <text name="pinname" originx="770" originy="-200" style="Default" rotation="0" justify="right" flipped="False" hidden="False" data="CH4" />
      <text name="pindes" originx="860" originy="-180" style="Default" rotation="0" justify="lowerleft" flipped="False" hidden="False" data="5" />
    </sympin>
    <sympin number="6" originx="800" originy="-100" rotation="0" length="100" width="7.8740157480315" flipped="False">
      <text name="pinname" originx="770" originy="-100" style="Default" rotation="0" justify="right" flipped="False" hidden="False" data="CH5" />
      <text name="pindes" originx="860" originy="-80" style="Default" rotation="0" justify="lowerleft" flipped="False" hidden="False" data="6" />
    </sympin>
    <sympin number="7" originx="800" originy="0" rotation="0" length="100" width="7.8740157480315" flipped="False">
      <text name="pinname" originx="770" originy="0" style="Default" rotation="0" justify="right" flipped="False" hidden="False" data="CH6" />
      <text name="pindes" originx="860" originy="20" style="Default" rotation="0" justify="lowerleft" flipped="False" hidden="False" data="7" />
    </sympin>
  </symbol>
  <component name="PUSB3AB6Z" designatorprefix="D" height="19.685039370078" footprint="PUSB3AB6Z">
    <comppin designator="1" sympin="1" pinswap="0" gateswap="0" gate="1" group="1" side="" type="Any" name="CH1" />
    <comppin designator="2" sympin="2" pinswap="0" gateswap="0" gate="1" group="1" side="" type="Any" name="GND" />
    <comppin designator="3" sympin="3" pinswap="0" gateswap="0" gate="1" group="1" side="" type="Any" name="CH2" />
    <comppin designator="4" sympin="4" pinswap="0" gateswap="0" gate="1" group="1" side="" type="Any" name="CH3" />
    <comppin designator="5" sympin="5" pinswap="0" gateswap="0" gate="1" group="1" side="" type="Any" name="CH4" />
    <comppin designator="6" sympin="6" pinswap="0" gateswap="0" gate="1" group="1" side="" type="Any" name="CH5" />
    <comppin designator="7" sympin="7" pinswap="0" gateswap="0" gate="1" group="1" side="" type="Any" name="CH6" />
    <attached_symbol gate="1" name="PUSB3AB6Z" />
    <pinmap designator="1" footprintpin="1" />
    <pinmap designator="2" footprintpin="2" />
    <pinmap designator="3" footprintpin="3" />
    <pinmap designator="4" footprintpin="4" />
    <pinmap designator="5" footprintpin="5" />
    <pinmap designator="6" footprintpin="6" />
    <pinmap designator="7" footprintpin="7" />
    <text name="Datasheet" originx="0" originy="0" style="Default" rotation="0" justify="" flipped="False" hidden="True" data="https://assets.nexperia.com/documents/data-sheet/PUSB3AB6.pdf" />
    <text name="Description" originx="0" originy="0" style="Default" rotation="0" justify="" flipped="False" hidden="True" data="Nexperia PUSB3AB6Z, Hex-Element ESD Protection Diode, 7-Pin DFN2111" />
    <text name="Manufacturer_Name" originx="0" originy="0" style="Default" rotation="0" justify="" flipped="False" hidden="True" data="Nexperia" />
    <text name="Manufacturer_Part_Number" originx="850" originy="200" style="Default" rotation="0" justify="left" flipped="False" hidden="False" data="PUSB3AB6Z" />
    <text name="Mouser Part Number" originx="0" originy="0" style="Default" rotation="0" justify="" flipped="False" hidden="True" data="771-PUSB3AB6Z" />
    <text name="Mouser Price/Stock" originx="0" originy="0" style="Default" rotation="0" justify="" flipped="False" hidden="True" data="https://www.mouser.co.uk/ProductDetail/Nexperia/PUSB3AB6Z?qs=K2OaAKmNuLgoMk8bcuWLKw%3D%3D" />
    <text name="Arrow Part Number" originx="0" originy="0" style="Default" rotation="0" justify="" flipped="False" hidden="True" data="PUSB3AB6Z" />
    <text name="Arrow Price/Stock" originx="0" originy="0" style="Default" rotation="0" justify="" flipped="False" hidden="True" data="https://www.arrow.com/en/products/pusb3ab6z/nexperia?region=nac" />
  </component>
</quadcept_library>
